variant,sample,rate,p,FDR
chr1 115258745 A,Patient_0277,0.0095691970195544,0.0012466116110145,0.0015582645137681248
chr12 112888169 G,Patient_0277,0.0074634710396299,1.6242475870064177e-05,2.47168111066194e-05
chr19 33793112 A,Patient_0298,0.0065463151798977,3.421424830905055e-08,5.987493454083846e-08
chr7 148506474 A,Patient_0298,0.0047732696897374,0.0053913364232392,0.006086992735915226
chr4 106196282 T,Patient_0573,0.0029156241996808,1.0915935011075845e-18,2.938905579905035e-18
chr4 106196835 T,Patient_0573,0.0104278684785088,6.461962961434131e-54,5.654217591254864e-53
chr4 106196835 T,Patient_0574,0.0053615196078431,4.491491850164536e-28,1.9650276844469846e-27
chr4 106196835 T,Patient_0573,0.0104278684785088,6.461962961434131e-54,5.654217591254864e-53
chr4 106196835 T,Patient_0574,0.0053615196078431,4.491491850164536e-28,1.9650276844469846e-27
chr4 106196835 T,Patient_0573,0.0104278684785088,6.461962961434131e-54,5.654217591254864e-53
chr4 106196835 T,Patient_0574,0.0053615196078431,4.491491850164536e-28,1.9650276844469846e-27
chr4 106196835 T,Patient_0573,0.0104278684785088,6.461962961434131e-54,5.654217591254864e-53
chr4 106196835 T,Patient_0574,0.0053615196078431,4.491491850164536e-28,1.9650276844469846e-27
chr17 58740887 A,Patient_1815,0.0067248533409643,0.0104581310083355,0.011438580790366953
chr4 106158108 A,Patient_2056,0.0050836491357796,5.1777831380337965e-09,1.0067911657287938e-08
chr4 106194031 A,Patient_2590,0.0057632836660106,1.7842660809302507e-05,2.6020547013566155e-05
chr8 117864902 A,Patient_2662,0.006278494706746,0.0210374371500539,0.021656185301526073
chr20 31024287 A,Patient_2819,0.0042849491162292,6.725842295041827e-07,1.1209737158403045e-06
chr4 106164769 A,Patient_0247,0.0068011257035647,5.517112136684939e-22,1.930989247839729e-21
chr7 148506443 T,Patient_0488,0.0004647765752606,0.0017941868561997,0.00209321799889965
chr1 43814991 T,Patient_0531,0.0031859016675755,0.0173448141571594,0.018396015015169062
chr2 25463313 T,Patient_0531,0.0104038388041955,1.3665796711496751e-08,2.5173836047494016e-08
chr21 36206785 C,Patient_0672,0.0029911573909629,0.0005008063352198,0.000674162374334346
chr2 25469494 T,Patient_0967,0.0060897676866401,0.0001958427474142,0.00027417984637988
chr2 25467023 A,Patient_1230,0.0056299595395665,3.0583482374484035e-06,4.8655540141224605e-06
chr19 33792425 A,Patient_1441,0.0113605898123324,0.0005763072509303,0.0007470649549096482
chr13 28592620 C,Patient_1589,0.0093350638977635,1.157201369603643e-13,2.700136529075167e-13
chr12 112888210 C,Patient_2373,0.0119930222416049,1.7635838632908002e-16,4.4089596582270004e-16
chr13 28592621 G,Patient_2373,0.0105554594220453,1.6034416708231142e-19,4.676704873234083e-19
chr11 119148990 C,Patient_2478,0.0097780859916782,3.194310344155825e-20,1.0163714731404898e-19
chr4 106155307 T,Patient_2570,0.0079152960526315,3.1979380688000123e-25,1.243642582311116e-24
chr2 198266513 C,Patient_0107,0.0050780754094198,2.500497215818796e-09,5.148082503156345e-09
chr4 106156524 A,Patient_0186,0.0067081548533096,2.0031211393642233e-09,4.381827492359239e-09
chr7 148507447 C,Patient_0872,0.000194288,0.7224228976556738,0.7224228976556738
chr4 106180874 T,Patient_1618,0.0047433508385566,0.0013860447490326,0.0016728126281427929
