variant,rate,control1,control2,control3,control4,control5,control6,control7,control8,control9,control10,control11,control12,control13,control14,control15,control16
chr1 115258745 A,698.8387955458986,0.0016278691193228,0.00167046317388,0.0006944444444444,0.0014354691374135,0.0005764519383196,0.0007177033492822,0.0021332458155562,0.0019054217910964,0.0014461315979754,0.0017538265306122,0.002077767883645,0.0009907997169143,0.0015172204521316,0.0015948963317384,0.0017749378771743,0.0009784735812133
chr12 112888169 G,1477.5807022283927,0.0004575611988103,0.0002164502164502,0.0003886513797123,0.0002491901320707,0.0008273579702151,0.0005671077504725,0.0009182736455463,0.0008130081300813,0.0008827423863469,0.0002057613168724,0.0006235969069593,0.0008912655971479,0.0017346053772766,0.0005389867049946,0.001001001001001,0.0005129520389843
chr19 33793112 A,2626.0000000005575,0.0,0.0,0.0,0.0,0.0,0.0,0.0,0.0,0.0,0.0,0.0003808073115003,0.0,0.0,0.0,0.0,0.0
chr7 148506474 A,1094.2105347790398,0.0009690176256449,0.0008241305422778,0.0005885611411161,0.0006755615605472,0.0009709523424225,0.0008618460742911,0.0010978670012547,0.0006361997667267,0.0008853039543576,0.00075180261764,0.0006300819106483,0.0008183724617666,0.0008532423208191,0.0009753718605218,0.001010211325288,0.0020738920039941
chr4 106196282 T,14185.261983397551,4.49721172872819e-05,5.71346950435652e-05,8.43632682330114e-05,5.27997043216558e-05,0.0,4.70112591965776e-05,6.31831680040437e-05,0.0,6.63020056356705e-05,0.000121215794418,0.0001114081996434,5.20156046814044e-05,0.0,0.0,0.0,7.5046904315197e-05
chr4 106196835 T,11744.841444678068,6.83713934089977e-05,0.0,0.0001058649163667,6.3653723742839e-05,0.0001036806635562,5.89587878073227e-05,0.0,0.0001148105625717,8.66851595006935e-05,0.0,0.0,7.68137650266928e-05,7.98084596967278e-05,0.0,0.0,9.27902013547369e-05
chr4 106196835 T,11744.841444678068,6.83713934089977e-05,0.0,0.0001058649163667,6.3653723742839e-05,0.0001036806635562,5.89587878073227e-05,0.0,0.0001148105625717,8.66851595006935e-05,0.0,0.0,7.68137650266928e-05,7.98084596967278e-05,0.0,0.0,9.27902013547369e-05
chr17 58740887 A,678.1375421858677,0.0012622720897615,0.0015273004963726,0.0010335917312661,0.001238773614122,0.0020517029134181,0.0017636684303351,0.0012486621476988,0.0016416510318949,0.0005708848715509,0.001578947368421,0.0012152777777777,0.0016358580075249,0.0006534879921581,0.0018083182640144,0.0018709073900841,0.002492729538845
chr4 106158108 A,3752.9908788607136,0.0001864628006712,0.0001987083954297,0.00037397157816,0.0002570473824008,0.0,0.0,0.0,0.0,0.0,0.0,0.0003160806005531,0.0,0.0,0.0,0.0,0.0
chr4 106194031 A,1897.1681643772015,0.0001724435247456,0.0005799342741156,0.003097819611581,0.0001562744178777,0.0003497114880223,0.0001716738197424,0.0002957996450404,0.000250815149235,0.0,0.0004519774011299,0.0,0.0,0.0002283105022831,0.000253164556962,0.0003172924378635,0.0
chr8 117864902 A,615.0282651095351,0.0011486331265793,0.0010536925050394,0.0015410695022345,0.0016875602700096,0.0017123287671232,0.0020311149524632,0.0011526773551294,0.0020178041543026,0.0014277404685103,0.0019272066516161,0.0013190811917216,0.0015271061338763,0.0015453296703296,0.0014951407924246,0.0019946429589103,0.0024339360222531
chr20 31024287 A,3316.757818932237,0.0004343105320304,0.0,0.0,0.0,0.0002247443532981,0.0,0.0001885191818267,0.0,0.0,0.0,0.0,0.0,0.0,0.0,0.0003584229390681,0.0
chr4 106164769 A,7197.193467614639,0.0,0.0,0.0,8.29737802854298e-05,0.0001725030188028,0.0,0.0,0.0,8.88770386170733e-05,0.0,0.0,0.0,0.0002149151085321,0.0,0.0,0.0001354462955438
chr7 148506443 T,13604.823696282161,0.0,0.0,0.0001038601350181,0.0,0.0,0.0,0.0,7.066888095827e-05,0.0,6.83386865304449e-05,0.0,5.11456628477905e-05,0.0,0.0,0.0,0.0
chr1 43814991 T,1272.626131048788,0.0003918495297805,0.0007146685724495,0.0006387055567383,0.001008064516129,0.0020491803278688,0.0005165289256198,0.0010351966873706,0.0006138735420503,0.0006858710562414,0.0004210083149142,0.0012690355329949,0.0014316392269148,0.0003354579000335,0.0003614022406938,0.0,0.0003141690229343
chr2 25463313 T,1740.5469324351857,0.0002709292874559,0.0005836008170411,0.0003533568904593,0.0005805515239477,0.0004093327875562,0.0007776049766718,0.0005640157924421,0.0005783689994216,0.0009178522257916,0.0006574621959237,0.0004005875283749,0.0005069708491761,0.0,0.0004846526655896,0.0005431830526887,0.0009895111814763
chr21 36206785 C,2540.5854974460913,0.0002687810778121,0.0003089500451542,0.0005711255252315,0.0004704534762421,0.0003721488595438,0.0004960876722213,0.0002201834862385,0.0007938870695643,0.0004233010973266,0.0005282112845138,0.0004482518179101,0.0002009271352096,0.0004835343818394,0.0001935767707875,0.0001366618075801,0.0003816793893129
chr2 25469494 T,1402.0565264909028,0.0008112493239588,0.0004752851711026,0.0008318083513558,0.0007462686567164,0.000786295984274,0.0008563476771569,0.0007852095081733,0.0006418485237483,0.0004529498358056,0.0007341544987356,0.0009893865803202,0.000786782061369,0.0007196186021408,0.0005475594493116,0.0006081245439065,0.0006389193136181
chr2 25467023 A,2255.368886789761,0.0002559508574353,0.0003520788656659,0.0002200099004455,0.0003276808388629,0.0004665194538612,0.0004197369648353,0.0003466504896438,0.0008438225159974,0.000580080051047,0.0005595775189731,0.0005735954877154,0.0005595116988809,0.0004778884681836,0.0003598934715324,0.0003391411251006,0.0004120454623493
chr19 33792425 A,656.5565468824689,0.0014880952380952,0.0,0.0,0.0,0.0009803921568627,0.0,0.00123507616303,0.0014214641080312,0.0022883295194508,0.0011750881316098,0.0014211274277593,0.0022675736961451,0.001564945226917,0.0013888888888888,0.0,0.0
chr13 28592620 C,3190.937100965141,0.000203873598369,0.0003016894609814,0.0004272287097692,0.0,0.0,0.0,0.0,0.0,0.0,0.0002433682161109,0.0,0.0002452182442373,0.0002357100766057,0.0,0.0,0.0005366246310705
chr12 112888210 C,3024.5931953228755,0.0,0.0002164970772894,0.0,0.0002491901320707,0.000551724137931,0.0,0.0,0.0004066693777958,0.0002942041776993,0.0002057189878625,0.0002493765586034,0.0,0.0002891426919184,0.0,0.0,0.0005130836326321
chr13 28592621 G,4099.960283412702,0.0,0.0002011263073209,0.0002847785846504,0.0,0.0002881014116969,0.0,0.0,0.0,0.0,0.0,0.0,0.0,0.0,0.0002016129032258,0.0,0.0
chr11 119148990 C,4590.911829603499,0.0,0.0002665245202558,0.0002543881963876,0.0,0.0,0.0,0.0001509320051316,0.0,0.0001656863557286,0.0001479071143321,0.0,0.0,0.0,0.0,0.0,0.0003214917215881
chr4 106155307 T,7125.712127656814,0.0001533977603926,0.0,0.0,0.0001261710248241,0.0,0.0,8.86132033673017e-05,0.000302495588606,8.75656742556918e-05,9.80392156862745e-05,0.0,0.0,0.000116509379005,0.0,0.0001687478906513,0.0001214919207872
chr2 198266513 C,3900.4494107705746,0.0004604758250191,0.0001817851299763,0.0,0.0001673360107095,0.0001611603545527,0.0005028494803888,0.0,0.00022060445621,0.0,0.0,0.0002071251035625,0.0001798884691491,0.0002018978396931,0.0002551020408163,0.0002375014843842,0.000300842358604
chr4 106156524 A,2985.703183826527,0.0,0.0003415883859948,0.0,0.0003350083752093,0.0,0.0,0.0003281916639317,0.0,0.0,0.0,0.0,0.0,0.0,0.0,0.0,0.0
chr7 148507447 C,1673.518594754296,0.0005785697755149,0.0003939722249581,0.000677851211659,0.0018095453517303,0.0004050222762251,0.0004930358683594,0.0002748007694421,0.0004137360364087,0.0008984725965858,0.0003614457831325,0.0005471207769115,0.000771208226221,0.0,0.0004922874958976,0.0002787068004459,0.0005673758865248
chr4 106180874 T,1387.4792981324006,0.0005016051364365,0.0004610951008645,0.0,0.0003436721367815,0.0003417634996582,0.0004150755437489,0.0009243852837862,0.0,0.000250563768479,0.0011941724385001,0.0002060156571899,0.00020964360587,0.0002640612622128,0.0002431315341599,0.000215470803706,0.0045195848677602
